{
	"format_version": "1.8.0",
	"animations": {
		"animation.blaze_runt.run": {
			"loop": true,
			"animation_length": 0.5,
			"bones": {
				"Head": {
					"rotation": {
						"0.0": {
							"vector": [-7.5, 0, 5]
						},
						"0.25": {
							"vector": [-5, 0, -2.5]
						},
						"0.5": {
							"vector": [-7.5, 0, 5]
						}
					}
				},
				"Body": {
					"rotation": {
						"0.0": {
							"vector": [7.42442, 0.86717, -4.96271]
						},
						"0.25": {
							"vector": [7.49527, 0.21782, 2.5095]
						},
						"0.5": {
							"vector": [7.42442, 0.86717, -4.96271]
						}
					},
					"position": {
						"0.0": {
							"vector": [0, 0.5, 0]
						},
						"0.0833": {
							"vector": [0, -1, 0]
						},
						"0.2083": {
							"vector": [0, 0, 0]
						},
						"0.3333": {
							"vector": [0, -1, 0]
						},
						"0.5": {
							"vector": [0, 0.5, 0]
						}
					}
				},
				"bone4": {
					"rotation": {
						"0.0": {
							"vector": [-24.66569, -4.20854, -9.07947]
						},
						"0.25": {
							"vector": [21.26765, 7.52076, -18.58597]
						},
						"0.5": {
							"vector": [-24.66569, -4.20854, -9.07947]
						}
					}
				},
				"bone5": {
					"rotation": {
						"0.0": {
							"vector": [19.5623, -4.2453, 11.76782]
						},
						"0.25": {
							"vector": [-22.32648, 2.86313, 6.93488]
						},
						"0.5": {
							"vector": [19.5623, -4.2453, 11.76782]
						}
					}
				},
				"bone2": {
					"rotation": {
						"0.0": {
							"vector": [32.5, 0, 0]
						},
						"0.0417": {
							"vector": [41.67, 0, 0]
						},
						"0.25": {
							"vector": [-32.5, 0, 0]
						},
						"0.2917": {
							"vector": [-46.67, 0, 0]
						},
						"0.5": {
							"vector": [32.5, 0, 0]
						}
					}
				},
				"bone6": {
					"rotation": {
						"0.0": {
							"vector": [-32.5, 0, 0]
						},
						"0.0417": {
							"vector": [-45, 0, 0]
						},
						"0.25": {
							"vector": [27.5, 0, 0]
						},
						"0.2917": {
							"vector": [42.5, 0, 0]
						},
						"0.5": {
							"vector": [-32.5, 0, 0]
						}
					}
				},
				"rnt": {
					"position": {
						"0.0": {
							"vector": [0, 2, 0]
						},
						"0.125": {
							"vector": [0, 0, 0]
						},
						"0.25": {
							"vector": [0, 2, 0]
						},
						"0.375": {
							"vector": [0, 0, 0]
						},
						"0.5": {
							"vector": [0, 2, 0]
						}
					}
				}
			}
		},
		"animation.blaze_runt.idle": {
			"loop": true,
			"animation_length": 1,
			"bones": {
				"Head": {
					"rotation": {
						"0.0": {
							"vector": [-15, 0, 0]
						},
						"0.5": {
							"vector": [-10, 0, 0]
						},
						"1.0": {
							"vector": [-15, 0, 0]
						}
					}
				},
				"Body": {
					"rotation": {
						"0.0": {
							"vector": [10, 0, 0]
						},
						"0.5": {
							"vector": [7.5, 0, 0]
						},
						"1.0": {
							"vector": [10, 0, 0]
						}
					}
				},
				"bone4": {
					"rotation": {
						"0.0": {
							"vector": [-17.5, 0, -2.5]
						},
						"0.5": {
							"vector": [-17.48436, 0.75155, -0.11557]
						},
						"1.0": {
							"vector": [-17.5, 0, -2.5]
						}
					}
				},
				"bone5": {
					"rotation": {
						"0.0": {
							"vector": [-10, 0, 2.5]
						},
						"0.5": {
							"vector": [-9.99067, -0.43399, 0.03793]
						},
						"1.0": {
							"vector": [-10, 0, 2.5]
						}
					}
				}
			}
		},
		"animation.blaze_runt.ear_scratching": {
			"animation_length": 2.04167,
			"bones": {
				"Head": {
					"rotation": {
						"0.0": {
							"vector": [-10, 0, 0]
						},
						"0.25": {
							"vector": [-9.91615, -1.29876, -7.38733]
						},
						"0.5": {
							"vector": [-2.63981, -0.74522, 5.10246]
						},
						"0.75": {
							"vector": [-2.65801, 6.74679, 4.75561]
						},
						"0.9167": {
							"vector": [-2.63981, -0.74522, 5.10246]
						},
						"1.0833": {
							"vector": [-2.65801, 6.74679, 4.75561]
						},
						"1.25": {
							"vector": [-2.63981, -0.74522, 5.10246]
						},
						"1.4167": {
							"vector": [-2.65801, 6.74679, 4.75561]
						},
						"1.5833": {
							"vector": [-2.63981, -0.74522, 5.10246]
						},
						"1.75": {
							"vector": [-2.65801, 6.74679, 4.75561]
						},
						"1.9167": {
							"vector": [-2.63981, -0.74522, 5.10246]
						},
						"2.0417": {
							"vector": [-10, 0, 0]
						}
					}
				},
				"Body": {
					"rotation": {
						"0.0": {
							"vector": [10, 0, 0]
						},
						"0.25": {
							"vector": [12.87458, 9.35946, 4.45582]
						},
						"0.5": {
							"vector": [3.89731, 5.18992, 11.22604]
						},
						"1.9167": {
							"vector": [3.89731, 5.18992, 11.22604]
						},
						"2.0417": {
							"vector": [10, 0, 0]
						}
					},
					"position": {
						"0.75": {
							"vector": [0, 0.25, 0]
						},
						"0.9167": {
							"vector": [0, -0.25, 0]
						},
						"1.0833": {
							"vector": [0, 0.25, 0]
						},
						"1.25": {
							"vector": [0, -0.25, 0]
						},
						"1.4167": {
							"vector": [0, 0.25, 0]
						},
						"1.5833": {
							"vector": [0, -0.25, 0]
						},
						"1.75": {
							"vector": [0, 0.25, 0]
						},
						"1.9167": {
							"vector": [0, -0.25, 0]
						}
					}
				},
				"bone4": {
					"rotation": {
						"0.0": {
							"vector": [-9.96271, -0.86717, -4.92442]
						},
						"0.25": {
							"vector": [-4.96271, -0.86717, -4.92442]
						},
						"0.5": {
							"vector": [-4.47401, -2.31792, -22.37144]
						},
						"0.75": {
							"vector": [-4.65852, -1.91961, -17.38391]
						},
						"0.9167": {
							"vector": [-4.3689, -2.51068, -24.86621]
						},
						"1.0833": {
							"vector": [-4.65852, -1.91961, -17.38391]
						},
						"1.25": {
							"vector": [-4.3689, -2.51068, -24.86621]
						},
						"1.4167": {
							"vector": [-4.3689, -2.51068, -24.86621]
						},
						"1.5833": {
							"vector": [-4.65852, -1.91961, -17.38391]
						},
						"1.75": {
							"vector": [-4.3689, -2.51068, -24.86621]
						},
						"2.0417": {
							"vector": [-9.96271, -0.86717, -4.92442]
						}
					},
					"position": {
						"vector": [0, -1, -1]
					}
				},
				"bone5": {
					"rotation": {
						"0.0": {
							"vector": [-9.96271, 0.86717, 4.92442]
						},
						"0.25": {
							"vector": [-8.21888, 5.71617, 34.58897]
						},
						"0.5": {
							"vector": [4.65468, 8.86042, 117.86082]
						},
						"1.875": {
							"vector": [4.65468, 8.86042, 117.86082]
						},
						"2.0417": {
							"vector": [-9.96271, 0.86717, 4.92442]
						}
					},
					"position": {
						"0.0": {
							"vector": [0, 0, 0]
						},
						"0.25": {
							"vector": [0, 0, 0]
						},
						"0.5": {
							"vector": [-1, 0, 0]
						},
						"1.875": {
							"vector": [-1, 0, 0]
						},
						"2.0417": {
							"vector": [0, 0, 0]
						}
					}
				},
				"bone6": {
					"rotation": {
						"0.25": {
							"vector": [0, 0, 0]
						},
						"0.5": {
							"vector": [0, 0, 20]
						},
						"1.875": {
							"vector": [0, 0, 20]
						},
						"2.0417": {
							"vector": [0, 0, 0]
						}
					}
				},
				"bone7": {
					"rotation": {
						"0.25": {
							"vector": [57.5, 0, 0]
						},
						"0.5": {
							"vector": [73.17805, 32.36121, 95.92236]
						},
						"1.875": {
							"vector": [73.17805, 32.36121, 95.92236]
						},
						"2.0417": {
							"vector": [57.5, 0, 0]
						}
					},
					"position": {
						"0.25": {
							"vector": [-1, 1, 2]
						},
						"0.5": {
							"vector": [-1, 1, 1]
						},
						"1.875": {
							"vector": [-1, 1, 1]
						},
						"2.0417": {
							"vector": [-1, 1, 2]
						}
					}
				},
				"bone8": {
					"rotation": {
						"0.25": {
							"vector": [0, 0, 0]
						},
						"0.5": {
							"vector": [0, 37.5, 0]
						}
					}
				}
			}
		},
		"animation.blaze_runt.attack": {
			"animation_length": 0.58333,
			"bones": {
				"Head": {
					"rotation": {
						"0.0": {
							"vector": [-15, 0, 0]
						},
						"0.5833": {
							"vector": [-15, 0, 0]
						}
					}
				},